2015-02-26,2361.01,0.0,0.0
2015-02-27,2367.1,0.17762500000071668,0.10150000000040953
2015-03-02,2358.25,-0.13409552503799205,-0.00037914596214250196
2015-03-03,2323.09,-1.9350604129849671,-0.707919723616204
2015-03-04,2338.0,-2.063607409289034,-1.1522936641184376
2015-03-05,2355.75,-1.0890561795345093,-1.1330613551745878
2015-03-06,2345.93,-1.0448946741348664,-1.10762423990103
2015-03-09,2344.12,-1.1095926567577408,-1.108171090969794
2015-03-10,2312.96,-3.1889481496550616,-1.6705947604176543
2015-03-11,2325.12,-3.731686309181896,-2.261602282894005
2015-03-12,2329.81,-3.713976464311145,-2.7036759442484413
2015-03-13,2303.4,-5.573154128629085,-3.5314312745465086
2015-03-16,2311.04,-6.881849549993603,-4.469431010655531
2015-03-17,2330.39,-6.368825747536448,-5.031654172164606
2015-03-18,2344.36,-4.559876778537273,-4.984150185145966
2015-03-19,2384.78,1.1773424680427524,-3.3986766823411116
2015-03-20,2407.7,7.489813374488222,-0.502029080683617
2015-03-23,2414.39,12.589505209161416,3.0910784633252146
2015-03-24,2412.32,16.318680581232,6.804901520037236
2015-03-25,2395.4,17.313451963338593,9.858791138135324
2015-03-26,2376.39,16.489283371510282,11.964171729974392
2015-03-27,2373.18,15.166150993721658,13.212131081137438
2015-03-30,2396.44,16.40014616187409,14.471231512323708
2015-03-31,2395.94,17.60566528877098,15.704689998824641
2015-04-01,2392.7,17.899157620411188,16.59267641895155
2015-04-02,2400.65,18.497367578012017,17.29224770310129
2015-04-07,2420.78,20.56160800682983,18.271381736996258
2015-04-08,2424.82,21.59236268311315,19.20865643889448
2015-04-09,2441.89,23.368243258358234,20.371435233106606
2015-04-10,2443.62,23.96277283373911,21.420944225348666
2015-04-13,2442.47,23.942725818098097,22.22951035456926
2015-04-14,2434.89,23.084378926575482,22.5788841119414
2015-04-15,2475.33,26.677546090437318,23.787663577285617
2015-04-16,2503.65,32.032309264101514,26.135657545051384
2015-04-17,2463.96,30.400095265619257,27.443333030224036
2015-04-20,2505.34,33.20688331909423,29.140856673780167
2015-04-21,2509.5,35.217399021261826,30.936512598193307
2015-04-22,2520.38,36.823883471654426,32.681437756949315
2015-04-23,2522.78,37.24170949500376,34.091001930346366
2015-04-24,2519.2,36.49881172348341,34.94778034948337
2015-04-27,2549.4,38.332895224615186,36.10352795841186
2015-04-28,2548.98,39.26590756326232,37.149603863651535
2015-04-29,2521.57,36.497259620236036,37.077134044028
2015-04-30,2514.63,33.227908389164895,36.172218144364734
2015-05-04,2523.09,30.38753317120063,34.668828143251844
2015-05-05,2507.95,25.326704856266133,32.13256552005115
2015-05-06,2524.54,23.27669391093241,29.643657181862505
2015-05-07,2522.61,20.215302345986856,26.941017258560056
2015-05-08,2546.78,20.172215480227806,24.917468273535437
2015-05-11,2535.1,18.13815755075848,22.81278805817116
2015-05-12,2542.65,16.85269922735779,20.86788941706656
2015-05-13,2540.26,15.271682232424155,19.038064177213677
2015-05-14,2513.58,10.37201414989022,16.407690919260318
2015-05-15,2514.84,6.494349183028589,13.444442921491943
2015-05-18,2523.59,4.889845408182737,10.891027143087284
2015-05-19,2523.35,3.5767299098092735,8.662641739958609
2015-05-20,2521.07,1.9854274007693675,6.62336254202484
2015-05-21,2524.83,1.2135687552663512,4.886148046890915
2015-05-22,2516.76,-0.293490719905094,3.2171677490826087
2015-05-25,2473.17,-5.9567287019172,0.46077591973914345
2015-05-26,2448.81,-13.658101738346431,-3.6560739383346954
2015-05-27,2460.74,-17.42533434802226,-7.662536687681672
2015-05-28,2441.15,-22.267839475264736,-11.897591478494798
2015-05-29,2437.81,-25.816760137638994,-16.000574710048706
2015-06-01,2437.09,-27.67910967653961,-19.554546232364103
2015-06-02,2408.73,-31.791347618477175,-23.299246785836818
2015-06-03,2388.93,-36.38189090690594,-27.332908290954215
2015-06-05,2365.58,-41.75623379288663,-31.78022672199007
2015-06-08,2354.26,-46.55799337469398,-36.29867172235663
2015-06-09,2338.65,-51.26876942554645,-40.80450527012335
2015-06-10,2384.49,-48.755770094662694,-43.42817318725617
2015-06-11,2383.87,-45.525390208653334,-44.4244898189106
2015-06-12,2358.73,-44.46930280091283,-44.81424672586725
2015-06-15,2358.03,-43.156579134589265,-44.71394532635758
2015-06-16,2356.77,-40.915056777241716,-43.94938901716226
2015-06-17,2321.39,-42.33042078661538,-43.66537247169278
2015-06-18,2334.36,-41.035228282015396,-42.99320360552064
2015-06-19,2299.35,-42.56683508235619,-42.805610851260106
2015-06-22,2350.09,-37.17080269583357,-41.11079034475203
2015-06-23,2341.26,-32.85072443597801,-38.72298070319406
2015-06-24,2348.97,-27.691913027420014,-35.6032830702819
2015-06-25,2354.74,-22.175615984179785,-31.793915556560968
2015-06-26,2333.82,-20.49851442180352,-28.510219475256978
2015-06-29,2291.23,-23.270944419316947,-26.842313159520312
2015-06-30,2317.84,-21.43220479090587,-25.06565642853453
2015-07-01,2293.03,-22.575105851781245,-24.06837029469808
2015-07-02,2294.37,-22.94444963185515,-23.3891534921445
2015-07-03,2278.17,-23.702107520907248,-23.194044608282532
2015-07-06,2272.09,-24.74794511338041,-23.418073694362192
2015-07-07,2218.64,-30.202878249875084,-25.16523491390657
2015-07-08,2216.39,-34.7398990190477,-27.81389327192284
2015-07-09,2230.65,-36.000723707353245,-30.17521847429803
2015-07-10,2270.84,-32.19456224442911,-30.86115938799285
2015-07-13,2269.0,-29.298235480162475,-30.63006963380576
2015-07-14,2259.98,-27.36197763354312,-29.910196275621082
2015-07-15,2257.62,-25.089453539031183,-28.748543481201175
2015-07-16,2298.54,-18.43544983929496,-26.063383166081014
2015-07-17,2285.03,-14.064050359835619,-22.84672014401861
2015-07-20,2244.63,-15.100989769417083,-20.603794474202527
2015-07-21,2249.67,-14.683265871621643,-18.716612622532406
2015-07-22,2185.83,-20.884403242291683,-18.951774303940603
2015-07-23,2200.84,-22.81285467935004,-19.726642487791505
2015-07-24,2187.67,-24.998800892437885,-20.957424992976648
2015-07-27,2189.08,-26.510157803969378,-22.328320498213177
2015-07-28,2194.24,-26.748118544581303,-23.46693264349087
2015-07-29,2212.02,-24.467417953665972,-23.83947286355258
2015-07-30,2188.92,-24.52058341320935,-24.22196601200726
2015-07-31,2227.51,-19.679157071590907,-23.17917775792351
2015-08-03,2230.28,-16.201611362575477,-21.465601005905626
2015-08-04,2227.98,-13.700972185161845,-19.378655948758453
2015-08-05,2258.62,-7.227230949878049,-16.02448920800351
2015-08-06,2196.22,-9.295237537080538,-14.023472212582435
2015-08-07,2196.78,-9.388641606344663,-12.517283106976935
2015-08-10,2222.25,-6.772554767199836,-10.675696625211934
2015-08-11,2219.57,-4.688366446226155,-8.777447903409245
2015-08-12,2200.08,-5.6179856383760125,-7.603953803075306
2015-08-13,2224.74,-3.6020079981553863,-6.277181345835667
2015-08-14,2198.22,-5.0791927109739845,-5.751954516864544
2015-08-17,2174.11,-7.88454255113129,-6.167056989932093
2015-08-18,2169.59,-10.928681682364186,-7.432584166796932
2015-08-19,2192.14,-10.63227956429455,-8.259643306199067
2015-08-20,2200.86,-9.210418085944184,-8.4937199518449
2015-08-21,2179.73,-10.379425495017585,-9.03834783863786
2015-08-24,2056.38,-23.518470183637874,-13.040535691276553
2015-08-25,2070.56,-31.713417414250216,-18.23836334095882
2015-08-26,2074.49,-37.2507990315421,-23.67437503344201
2015-08-27,2117.83,-36.62799120417276,-27.55306246267102
2015-08-28,2145.12,-32.15217223721265,-29.195351851641078
2015-08-31,2163.71,-26.834379767467,-28.92791523596695
2015-09-01,2115.75,-27.24238657774913,-28.843635467618313
2015-09-02,2107.58,-27.54154972004062,-28.89014465003371
2015-09-03,2155.07,-21.835567410945714,-27.359002929679413
2015-09-04,2146.47,-18.72235571125111,-25.10250390263245
2015-09-07,2132.36,-17.394991418698282,-22.885033089555698
2015-09-08,2135.15,-15.348604049182995,-20.556420420512445
2015-09-09,2142.53,-10.468440792084039,-17.503517005685403
2015-09-10,2184.96,-1.6520207956141348,-12.921641875855167
2015-09-11,2185.46,4.650462609078659,-7.889630358519298
2015-09-14,2183.05,8.469441352054218,-3.075090293148285
2015-09-15,2185.88,11.422870225940187,1.3401833830464949
2015-09-16,2181.8,12.798268280959292,4.907598874977775
2015-09-17,2199.46,16.338392168839164,8.47685565580721
2015-09-18,2168.19,15.865952122871931,10.999161171157828
2015-09-21,2178.27,15.448414443432284,12.73650048824293
2015-09-22,2137.88,10.464526130575905,12.593341808294829
2015-09-23,2106.8,3.4214238152726466,10.403327952220998
2015-09-24,2082.95,-4.276416244701977,6.552220749197517
2015-09-25,2091.73,-8.95996348815288,2.320444630726906
2015-09-28,2059.41,-16.742170808649462,-3.016819202147723
2015-09-29,2043.0,-25.391196128818592,-9.385469244830055
2015-09-30,2066.37,-28.963967902441254,-15.19950605518933
2015-10-01,2049.93,-33.201780400430835,-20.695905083566853
2015-10-02,2036.32,-37.02663083151265,-25.843568431197426
2015-10-05,2088.27,-33.772104937453605,-28.723485715993128
2015-10-06,2102.87,-28.53167784266725,-29.324022473614733
2015-10-07,2110.39,-24.005468110335187,-28.394785316294726
2015-10-08,2126.48,-17.933843786332545,-25.96167498268737
2015-10-09,2143.28,-10.265993499793694,-21.90632048650645
2015-10-12,2133.56,-4.994280392212659,-17.26435472113987
2015-10-13,2123.43,-2.268971975101067,-12.973733651333646
2015-10-14,2118.97,-0.0004281846049707383,-9.056585293007355
2015-10-15,2136.42,4.104698207177989,-4.931503415708546
2015-10-16,2121.94,5.714230954098184,-1.4686939840977677
2015-10-19,2111.04,6.148634019693418,1.1394755189502066
2015-10-20,2116.81,7.465335846024573,3.3596410868516497
2015-10-21,2105.65,6.461713280922595,4.630267369018078
2015-10-22,2106.27,5.5512297537279665,5.181518772396572
2015-10-23,2107.43,5.1062645965294,5.367695955818316
2015-10-26,2110.74,4.615565012016759,5.319385011741095
2015-10-27,2113.06,4.320461714949943,5.157346719427754
2015-10-28,2105.63,3.0585604253287784,4.611418762340151
2015-10-29,2059.34,-3.121477229975426,2.49887392071619
2015-10-30,2060.03,-7.821744003936601,-0.3648096132009654
2015-11-02,2077.09,-9.64327367488977,-3.0316451414521954
2015-11-03,2061.38,-12.725307532495663,-5.844461643554907
2015-11-04,2063.08,-14.738496869066239,-8.479750786890497
2015-11-05,2041.24,-18.399077748502805,-11.436623838450076
2015-11-06,2019.78,-23.266674987007264,-14.960007146931767
2015-11-09,2012.97,-27.55633671106989,-18.756029688567168
2015-11-10,2021.92,-28.979009743495908,-21.96197771807609
2015-11-12,2013.67,-30.438368114681907,-24.635472068956354
2015-11-13,1978.87,-34.83940448475619,-27.734779038645517
2015-11-16,1971.43,-38.105797794589535,-30.90518112478823
2015-11-17,2007.62,-34.94451444234301,-32.36595362543181
2015-11-18,2023.98,-30.1981689645811,-32.13776176076233
2015-11-19,2009.73,-28.00342621332811,-31.299098284643193
2015-11-20,2021.99,-24.248905785967054,-29.556484550263647
2015-11-23,1982.57,-25.10968897362136,-28.39513089985754
2015-11-24,1943.99,-29.19911574771163,-28.600594166812353
2015-11-25,1943.3,-31.46043771949371,-29.336297974495018
2015-11-26,1963.89,-30.06386453698542,-29.421269952994674
2015-11-27,1936.05,-31.682258660864136,-29.856151297138286
2015-11-30,1925.72,-33.22043600007737,-30.662232272408744
2015-12-01,1923.94,-33.23941933460469,-31.368251264453097
2015-12-02,1886.5,-36.43470621706024,-32.805977969549524
2015-12-03,1867.96,-40.66683989227704,-35.10439569411238
2015-12-04,1868.24,-43.34154945549017,-37.53370004409242
2015-12-07,1864.92,-45.08800252326387,-39.744740883449666
2015-12-08,1814.88,-51.280514851538555,-43.03093316825716
2015-12-09,1773.21,-58.70930039406517,-47.53188456859734
2015-12-10,1798.86,-59.838275245844216,-51.1799090595857
2015-12-11,1757.37,-64.04474657637093,-55.02169833108757
2015-12-14,1754.74,-66.85628103565887,-58.66259877074065
2015-12-15,1771.99,-65.5956024173679,-60.987670552465914
2015-12-16,1803.68,-59.87865629858425,-61.10032112030459
2015-12-17,1840.57,-50.324053182327134,-58.54796416428424
2015-12-18,1858.87,-39.58811477388531,-53.69638150396304
2015-12-21,1866.19,-29.90496324430478,-47.31470976609573
2015-12-22,1873.78,-21.223116794558564,-40.031028807858156
2015-12-23,1879.75,-13.100642533202517,-32.34989121127334
2015-12-28,1876.33,-5.8400002400207995,-24.541152180130968
2015-12-29,1893.32,2.5377942531451936,-16.363061667565958
2015-12-30,1859.15,5.123803081055257,-9.556093977668498
2016-01-04,1804.42,1.7362464680250014,-5.482533396834404
2016-01-05,1792.01,-2.1463475639895933,-3.6707196072938966
2016-01-07,1745.46,-10.111208078799109,-4.68260741689033
2016-01-08,1725.14,-18.20712477774191,-7.826328932198027
2016-01-11,1703.78,-26.98976268081583,-12.734221542868221
2016-01-12,1750.51,-28.289009542937265,-16.931166702231327
2016-01-13,1772.48,-26.427238626256894,-19.723003026348866
2016-01-14,1776.96,-24.52464869470691,-21.47264717008572
2016-01-15,1734.87,-27.575447657455697,-23.66197912579646
2016-01-18,1679.22,-35.45625428936978,-27.365370333911326
2016-01-19,1692.52,-39.68488027723697,-31.20709296122409
2016-01-20,1674.57,-44.12317470684752,-35.12638682215995
2016-01-21,1683.81,-45.25924765189416,-38.20862531017465
2016-01-22,1727.22,-40.22155956739675,-38.98039841085775
2016-01-25,1729.62,-35.132232509718506,-38.15724025872094
2016-01-26,1713.36,-32.20266665221766,-36.78580926428122
2016-01-27,1728.84,-27.211459244862,-34.44675062392287
2016-01-28,1755.39,-20.547940592264922,-30.829424744039127
2016-01-29,1780.25,-12.427980070166996,-25.761704369908564
2016-02-01,1777.54,-6.198610636720105,-20.19132654112693
2016-02-02,1731.64,-5.45764848482645,-15.723189533694072
2016-02-03,1739.08,-2.6788822360745144,-11.597943489827518
2016-02-04,1788.65,5.039593079924771,-6.519983506782885
2016-02-05,1790.87,11.616067120645312,-1.037213336733558
2016-02-08,1769.71,14.418528272023423,3.772899986537673
2016-02-09,1767.45,15.2930737034726,7.51557361405285
2016-02-10,1760.99,14.643159333205858,10.011673998119361
2016-02-11,1758.93,14.006292356712493,11.546812583315656
2016-02-12,1765.53,13.413881120835413,12.411615561876683
2016-02-15,1787.98,14.557943542916519,13.354414327959649
2016-02-16,1783.93,14.025067582067095,13.861084578963547
2016-02-17,1847.95,20.814128051845273,15.919489895004775
2016-02-18,1853.76,27.22818832682401,19.06351276072188
2016-02-19,1841.06,30.20545414038429,22.16939402690621
2016-02-22,1859.73,32.75076210211955,25.16904012012828
2016-02-23,1844.96,31.82604918785728,27.182019420489727
2016-02-24,1818.37,28.040724666644337,27.681524767580893
2016-02-25,1838.17,26.639496389075248,27.68943175328571
2016-02-26,1844.57,25.903763757030674,27.47327836287902
2016-02-29,1824.08,23.034122327149134,26.546328268810644
2016-03-01,1825.07,20.465218090117787,25.01896959070083
2016-03-02,1825.15,17.5771738554688,22.962653158780046
2016-03-03,1877.15,20.915843091526767,22.262417832283255
2016-03-04,1873.51,21.704991622070338,21.898887185382065
2016-03-07,1895.41,24.347796854628996,22.359343348064254
2016-03-08,1876.49,23.955762998146156,22.67554389604667
2016-03-09,1878.59,22.59700560711599,22.57386690661978
2016-03-10,1887.31,22.29349772524006,22.43050420252485
2016-03-11,1910.87,25.09249393657751,23.1377763218518
2016-03-14,1913.83,26.728715388880573,24.162628869748588
2016-03-15,1906.08,26.267210800746625,24.865138795845592
2016-03-16,1905.69,25.672320868655788,25.163467109103042
2016-03-17,1944.21,28.840639857509814,26.22757839501048
2016-03-18,1961.97,32.55439945524722,27.97583679540686
2016-03-21,1952.63,32.80244941721821,29.3620335978654
2016-03-22,1962.98,33.69942388810409,30.671704932828803
2016-03-23,1935.61,30.25264816498452,30.728471830512554
2016-03-24,1936.19,28.056275423156194,30.120572722899684
2016-03-29,1953.84,27.86926745431083,29.580893928760148
2016-03-30,1999.93,32.00036774391947,30.302116897412645
2016-03-31,1997.69,34.032103231424344,31.404275402055855
2016-04-01,1973.24,32.0498207031078,31.630792105589883
2016-04-04,1986.14,31.212491939521215,31.498983028875273
2016-04-05,1933.84,24.414868924840448,29.55772841822669
2016-04-06,1919.59,16.61741286880465,25.97596983507178
2016-04-07,1905.1,8.212739015568104,21.08786180995059
2016-04-08,1919.42,3.278463468697055,16.13264612173857
2016-04-11,1914.22,-1.4629323449028107,11.138454025640376
2016-04-12,1907.72,-4.930083507102836,6.371815524293435
2016-04-13,1944.36,-3.6031062691579336,3.1142778774533517
2016-04-14,1951.75,-1.9553035548924527,1.156747960850047
2016-04-15,1939.95,-3.1113057865859446,-0.6068675178249203
2016-04-18,1946.34,-3.380291160730849,-1.864326661611873
2016-04-19,1964.84,-1.1799828368991712,-2.0544391452604835
2016-04-20,1962.88,0.13265603249010383,-1.6716507684321882
2016-04-21,1950.38,0.5902569268505431,-1.1607310407823996
2016-04-22,1943.03,0.252789167302808,-0.7725303923303902
2016-04-25,1925.34,-1.7205211169216454,-0.9443899517535386
2016-04-26,1916.35,-4.032079554070378,-1.7250183722358792
2016-04-27,1892.48,-8.001272451105706,-3.416784930570026
2016-04-28,1897.98,-10.150916086154893,-5.243186726777126
2016-04-29,1896.64,-12.23116273445703,-7.169809313485637
2016-05-02,1899.72,-13.641703677460328,-9.040693734782705
2016-05-04,1865.25,-18.067435679573464,-11.66675038290803
2016-05-05,1837.71,-24.05720117166834,-15.26458364933723
2016-05-06,1852.71,-26.368273835515765,-18.580781109253994
2016-05-09,1848.45,-28.063190882586923,-21.486008470612795
2016-05-10,1825.17,-31.39119297995012,-24.517558256846485
2016-05-11,1818.02,-33.85868725171781,-27.377617166058634
2016-05-12,1816.09,-35.52118289389091,-29.928398581948823
2016-05-13,1815.38,-36.255145453251316,-31.99765242588342
2016-05-16,1853.78,-31.746899246404382,-32.30240937414918
2016-05-17,1846.5,-28.598637831460337,-31.590197410105176
2016-05-18,1841.84,-26.289638138543978,-30.310364937333286
2016-05-19,1799.9,-28.82541525457873,-29.98899524233188
2016-05-20,1806.38,-28.548057677634006,-29.638601230771986
2016-05-23,1818.97,-25.799738810468625,-28.565406970966208
2016-05-24,1831.15,-22.19157650902298,-26.735165150238668
2016-05-25,1849.27,-16.853280237829495,-23.885828529372944
2016-05-27,1839.22,-12.896574716276746,-20.66445249715231
2016-05-30,1841.79,-9.084772143874261,-17.309604164951203
2016-05-31,1808.24,-9.588594202420609,-14.993542524857004
2016-06-01,1759.49,-14.972035236098463,-14.758474764816707
2016-06-02,1762.28,-19.109872213420203,-15.649147020464762
2016-06-03,1793.43,-18.324029924716115,-16.11037093440041
2016-06-06,1797.27,-17.053906963164764,-16.168758139785762
2016-06-07,1832.79,-11.03595008563616,-14.659152503715742
2016-06-08,1843.85,-5.095437018556822,-12.029598010073403
2016-06-09,1814.14,-3.8432952503983415,-9.799285863851479
2016-06-10,1782.02,-6.782196777969602,-8.998282787295755
2016-06-13,1780.01,-9.640462161248479,-9.159880291865107
2016-06-14,1762.61,-13.211833294850976,-10.13714521513873
2016-06-15,1772.91,-14.611582883484289,-11.164461775970787
2016-06-16,1733.48,-19.36329049345227,-13.235260765750288
2016-06-17,1754.45,-19.495560520457957,-14.849889103703998
2016-06-20,1793.83,-14.958822048573666,-14.956737091207703
2016-06-21,1802.61,-10.845434449917093,-14.04560772373366
2016-06-22,1823.03,-4.991148515397754,-11.805288622623223
2016-06-23,1853.71,2.2273826806649595,-8.11427123286687
2016-06-24,1769.67,-1.8011308015722989,-6.376886765607581
2016-06-27,1732.19,-8.780328244304428,-6.887809667080814
2016-06-28,1751.81,-11.104535434142917,-7.870815522932126
2016-06-29,1756.2,-11.986606199901644,-8.750053262587937
2016-06-30,1750.69,-12.55689926394507,-9.560944518112649
2016-07-01,1744.56,-13.338385187055792,-10.472417892477353
2016-07-04,1724.5,-15.167361393904002,-11.73386734655234
2016-07-05,1715.95,-17.40717752555679,-13.404178405154097
2016-07-06,1689.92,-22.562971950943847,-16.1969974483401
2016-07-07,1713.51,-24.122319439068633,-18.6313368381243
2016-07-08,1705.43,-26.20973756405101,-20.879667169651324
2016-07-11,1745.43,-23.313253806472176,-21.735839969888037
2016-07-12,1754.38,-18.32902031176286,-21.01285445452173
2016-07-13,1744.15,-14.330824040604966,-19.378348683686752
2016-07-14,1745.34,-11.037239230851128,-17.246369525286067
2016-07-15,1759.41,-7.067582067297735,-14.537287505562379
2016-07-18,1788.12,-0.9594943765318931,-10.809033222110486
2016-07-19,1792.47,4.260165844187668,-6.497357430915932
2016-07-20,1800.41,9.2226461786247,-1.89061990052353
2016-07-21,1803.68,13.48017620593123,2.7575865816547256
2016-07-22,1792.97,15.445363676259603,6.716137637337498
2016-07-25,1814.75,18.91306973521864,10.521199494480603
2016-07-26,1803.96,20.651715437962594,13.76379969691443
2016-07-27,1797.63,20.461393438333516,16.07746340258851
2016-07-28,1788.51,19.156794402906144,17.379520306308113
2016-07-29,1759.74,15.36191066645847,17.20636108129213
2016-08-01,1762.12,11.851473600106374,16.021704927296195
2016-08-02,1803.63,12.978431577881338,15.33711031665891
2016-08-03,1790.09,11.771761835496136,14.411100898500441
2016-08-04,1820.24,13.890591733993688,14.249419485123559
2016-08-05,1825.45,15.573633858192125,14.512699172105243
2016-08-08,1837.05,17.657116840898425,15.238028161310977
2016-08-09,1847.15,19.933569649132778,16.401201340745942
2016-08-10,1852.54,21.314646669695776,17.67335632038156
2016-08-11,1864.7,23.097888772812894,19.186491236941677
2016-08-12,1857.7,23.454528151806016,20.488984649445158
2016-08-16,1846.86,22.091153678154114,21.074469752172476
2016-08-17,1824.4,19.033919588244544,20.71171782273972
2016-08-18,1821.01,16.07903832612874,19.597962508323377
2016-08-19,1800.17,10.447155198190785,17.20621871170571
2016-08-22,1800.34,6.220030280474475,14.227555743234925
2016-08-23,1790.6,1.396234822244196,10.64350999647361
2016-08-24,1786.32,-2.621758346523393,6.8414031755357705
2016-08-25,1781.68,-6.332491347796804,2.9506394940202894
2016-08-26,1775.9,-9.825143924253098,-0.9187178550493088
2016-08-29,1777.35,-12.272067186132745,-4.454457322876692
2016-08-30,1798.23,-12.037861487090822,-6.980910674101577
2016-08-31,1793.56,-11.95218357083786,-8.792623009707684
2016-09-01,1761.68,-15.172560444207875,-10.907559920484761
2016-09-02,1767.55,-16.43805376308069,-12.750029571066658
2016-09-05,1788.02,-14.969386868358697,-13.637009457929762
2016-09-06,1790.83,-13.307744836867869,-13.77156557499824
2016-09-07,1810.02,-9.813148570559179,-12.852601319718355
2016-09-08,1793.48,-8.32237003829232,-11.689544678523271
2016-09-09,1754.12,-11.42738265850653,-11.60686128707831
2016-09-12,1731.37,-15.67233268450741,-12.696990789421791
2016-09-13,1727.69,-18.79006739528154,-14.359034906052798
2016-09-14,1736.68,-19.671301717417236,-15.778403637344441
2016-09-15,1745.97,-19.172509042997262,-16.682425803831617
2016-09-16,1734.26,-19.54533943690126,-17.491023245063733
2016-09-19,1749.78,-17.006963195015487,-17.44508393023441
2016-09-20,1755.59,-14.191956175907308,-16.720669964332846
2016-09-21,1758.47,-11.85674848454596,-15.576419863334134
2016-09-22,1776.22,-8.14261948304079,-13.651305445356607
2016-09-23,1762.48,-7.0430162367974845,-11.824101023370465
2016-09-26,1740.05,-8.444511050104666,-10.769240293139504
2016-09-27,1732.81,-9.423557622586031,-10.224841489823064
2016-09-28,1734.59,-9.4239731631028,-9.826777711433051
2016-09-29,1730.45,-9.608567570604464,-9.570558227062618
2016-09-30,1709.51,-12.000533634563226,-10.076446508311584
2016-10-03,1725.44,-12.012974625303286,-10.51635607099732
2016-10-04,1754.04,-8.426152508041014,-9.924181178248078
2016-10-05,1762.23,-4.698176342235911,-8.547774938806674
2016-10-06,1761.9,-1.9269838617553887,-6.788747207985135
2016-10-07,1751.72,-1.2400442241446399,-5.255356688787901
2016-10-10,1765.95,0.6032549865910823,-3.5872094424158076
2016-10-11,1757.04,1.453524971258048,-2.1062668346846665
2016-10-12,1760.43,2.926210116407674,-0.5937540767027023
2016-10-13,1727.55,0.808016017241016,0.01663817353976014
2016-10-14,1719.64,-1.7195507403150714,-0.2085038471500965
2016-10-17,1714.2,-4.407703626596685,-1.1767493055856084
2016-10-18,1721.21,-5.40669930488275,-2.248616290640279
2016-10-19,1744.53,-3.8158994097721006,-2.678772642671568
2016-10-20,1748.99,-2.5002509267437745,-2.659718129535115
2016-10-21,1752.25,-1.19834572524951,-2.3309385446695767
2016-10-24,1782.79,3.000790240452943,-0.966604574192722
2016-10-25,1785.59,6.706737817556586,1.028456895886634
2016-10-26,1779.73,8.54292238754806,3.0640533213534873
2016-10-27,1795.33,11.672846358276502,5.488050500917386
2016-10-28,1817.79,16.42587961163622,8.645325694548665
2016-10-31,1814.66,19.875633430261132,11.966007988953145
2016-11-02,1765.62,16.75285225594689,13.580162210514464
2016-11-03,1767.37,14.391196705307493,14.125733042920169
2016-11-04,1758.22,11.306498172494685,13.674710338775034
2016-11-07,1761.79,8.75762944810117,12.562275262917952
2016-11-08,1783.22,8.72673132245609,11.644385079350918
2016-11-09,1790.66,9.407691729245698,11.102762249898731
2016-11-10,1796.75,10.129235839445755,10.82805304630827
2016-11-14,1753.86,5.804309686284341,9.356552269218902
2016-11-15,1754.02,2.55394817799629,7.3043573580968495
2016-11-16,1758.54,0.15705513204034105,5.180719824821665
2016-11-17,1742.39,-3.7397410737867176,2.582636918453838
2016-11-18,1725.74,-8.541113395183629,-0.6011082645667987
2016-11-21,1756.35,-7.832664743857549,-2.745697679055766
2016-11-22,1775.66,-5.448719895065551,-3.7091442496696247
2016-11-23,1796.63,-1.2753039110875761,-3.3174957380076853
2016-11-24,1807.27,2.8395213591634274,-1.9261863395046186
2016-11-25,1796.3,4.272418892916448,-0.40762478035470967
2016-11-28,1776.3,3.0845698701739366,0.4761928582850702
2016-11-29,1780.04,2.4112071927302168,1.0056944952024132
2016-11-30,1798.22,4.5817733566032075,2.0685994833731534
2016-12-01,1783.94,4.876047831055985,3.0427630790066784
2016-12-02,1783.57,4.974677261482839,3.7856668421773194
2016-12-05,1845.66,12.042687380778034,6.204910376415916
2016-12-06,1876.56,21.055443428172794,10.370746525467398
2016-12-07,1889.51,28.696931107818955,15.47706922902006
2016-12-08,1921.08,37.1644190446807,21.566450369329292
2016-12-09,1899.76,39.78909360285866,26.867030093156213
2016-12-12,1882.58,39.02848576561291,30.65054228475566
2016-12-13,1919.49,41.92301265892411,34.22650094674547
2016-12-14,1934.87,45.44617522425506,37.85479092171009
2016-12-15,1911.16,44.89884720030045,40.426066679738234
2016-12-16,1918.54,44.339812600546566,42.059973849763324
2016-12-19,1924.67,44.197524718043496,43.06403048887496
2016-12-20,1940.46,44.701344116957216,43.798168722278824
2016-12-21,1927.9,41.81581557336153,43.3969806044314
2016-12-22,1943.73,40.0510281142158,42.565808447112154
2016-12-23,1933.6,36.38004845222804,40.96561836936878
2016-12-27,1936.72,32.39353214654079,38.62919584925386
2016-12-28,1932.75,28.81275586744823,35.83751033320323
2016-12-29,1946.32,27.40815410224991,33.37519737012659
2016-12-30,1947.92,25.451421441397542,31.010913177368682
2017-01-02,1956.72,24.161626951451126,28.891962744760924
2017-01-03,1989.64,26.506323083028065,27.926284576896567
2017-01-04,1999.93,28.4222079772901,27.778441939595456
2017-01-05,1998.76,28.948118781110907,27.845527421659764
2017-01-09,2009.19,29.664160992990446,28.16388676757337
2017-01-10,2023.64,31.134031373778726,28.88086133013692
2017-01-11,2030.64,31.95263370534417,29.712528296523708
2017-01-12,2022.95,31.74688177152848,30.309171214990535
2017-01-13,2015.89,30.41605921332757,30.436650620162595
2017-01-16,2025.25,30.053738768576522,30.46050316392125
2017-01-17,2015.28,28.21280199333114,29.93321088894615
2017-01-18,2005.65,25.035629255766708,28.640084809558058
2017-01-19,2015.47,22.903104908834848,27.083156177987146
2017-01-20,2006.01,19.553612567880464,24.995576528165614
2017-01-23,1991.36,14.97922375692815,22.163626247925205
2017-01-24,2013.17,13.362941872022475,19.58617705112549
2017-01-25,2079.15,18.892054303326177,19.15175742837091
2017-01-26,2080.4,22.518356793227213,19.83312326851384
2017-01-27,2084.05,25.146304208176616,21.06182203796463
2017-01-30,2051.49,23.010006629431018,21.443277367980475
2017-01-31,2056.83,21.751146966459373,21.45358614528523
2017-02-01,2079.1,22.498268687553264,21.706540623054195
2017-02-02,2065.14,21.22084260371571,21.618952579336355
2017-02-03,2076.12,21.11502108215268,21.617495813107713
2017-02-06,2089.61,22.000517795483802,21.8885510547449
2017-02-07,2086.54,22.03499380423318,21.98894775120333
2017-02-08,2083.65,21.63378623146764,21.882204997107056
2017-02-09,2132.4,26.195733719157488,22.981885366879627
2017-02-10,2154.79,30.522726631573278,25.019566459592525
2017-02-13,2179.66,35.84134950524049,28.010973114272744
2017-02-14,2173.76,38.52266266953757,30.96411084364619
2017-02-15,2184.33,41.692201876558556,34.061600176465
2017-02-16,2215.36,46.733626677246775,37.7495368253841
2017-02-17,2188.3,46.28763153702448,40.37696787785623
2017-02-20,2192.79,45.794502330631985,42.21355110905586
2017-02-21,2248.52,50.60804554776405,44.900207790157445
2017-02-22,2251.02,53.25167561709213,47.53717553462301
2017-02-23,2256.01,54.7580821524848,49.834259129707874
2017-02-24,2212.04,50.209193277260965,50.219588293279074
2017-02-27,2210.26,44.70093628843688,48.965313457217555
2017-02-28,2191.25,36.99781487073824,45.87816614877216
2017-03-01,2253.96,36.98076687376761,43.455881879210494
2017-03-02,2254.51,36.932645956799206,41.63521331173022
2017-03-03,2232.98,33.611976365229566,39.38215950940478
2017-03-06,2217.41,28.18223825793939,36.12704706715925
2017-03-07,2200.98,21.789075432664504,31.90402016808959
2017-03-08,2213.24,17.713619577611553,27.60460204060814
2017-03-09,2189.66,10.770774591768259,22.59574181972754
2017-03-10,2200.03,6.041495330659018,17.672586204641007
2017-03-13,2242.55,6.745035343727977,14.32671782919302
2017-03-14,2238.38,7.317929500347873,11.972512972513858
2017-03-15,2229.87,6.46978248932146,9.97858603445405
2017-03-16,2283.7,11.700399245931749,9.964343517749256
2017-03-17,2296.97,16.05338913060541,11.24044972757826
2017-03-20,2281.45,17.3717725480833,12.683631197696405
2017-03-21,2252.57,15.395088443518034,13.314440881487606
2017-03-22,2223.84,10.648532093911854,12.645482771080458
2017-03-23,2235.33,8.498302110857367,11.65854854021064
2017-03-24,2234.82,6.754180644558346,10.432642170328984
2017-03-27,2201.88,1.8761517979119162,8.183078608865838
2017-03-28,2225.41,0.6046994010825983,6.169451848764071
2017-03-29,2214.45,-1.7741509005022635,3.9100849436513676
2017-03-30,2209.1,-4.000171888409568,1.5255333835080884
2017-03-31,2175.96,-9.003911457863978,-1.6421227694123532
2017-04-03,2219.88,-9.181247169216931,-4.025681006578824
2017-04-04,2239.3,-7.41895154473832,-5.240678520005976
2017-04-05,2253.64,-4.469780083884871,-5.311141353326337
2017-04-06,2254.47,-1.083817845122212,-4.4133827850923755
2017-04-07,2248.33,1.3325781187963912,-2.9879243959166493
2017-04-10,2244.02,2.2780200305146536,-1.6374782194943878
2017-04-11,2221.82,0.36647471614833194,-1.0930459533346724
2017-04-12,2214.06,-1.5316989399084378,-1.1526115007137498
2017-04-13,2233.63,-1.0994609255162686,-0.9789029027937168
2017-04-18,2237.36,-0.42296769456243055,-0.662169674127467
2017-04-19,2274.69,4.325319722980112,0.8230528545210605
2017-04-20,2285.82,10.044263088077514,3.422918158829864
2017-04-21,2264.07,11.066089237374399,5.580293493398895
2017-04-24,2296.9,14.84609105167874,8.170999851159538
2017-04-25,2353.17,23.8903358433663,12.53945615562789
2017-04-26,2383.97,33.85697729718868,18.548526744100457
2017-04-27,2382.78,40.7091799745308,24.94596938701651
2017-04-28,2376.87,44.40993001856032,30.735573385842095
2017-05-02,2392.09,48.27535182346537,36.108851194271
2017-05-04,2381.0,49.4558535035153,40.36152670012963
2017-05-05,2382.17,49.362401291828974,43.40970761236134
2017-05-08,2374.23,47.23415615265594,45.09985126290912
2017-05-09,2413.53,48.69199344178969,46.684789955707245
2017-05-10,2380.25,44.97098044859649,46.68416960940533
2017-05-11,2364.93,39.999004844521096,45.13753096871214
2017-05-12,2368.5,34.98486547646144,42.48318953835623
2017-05-15,2377.15,30.831940362290425,39.29481171998291
2017-05-16,2340.34,22.614028346976284,34.60381889289908
2017-05-17,2302.21,11.842425898577403,28.15010550977331
2017-05-18,2295.14,2.6958686821585616,20.83944825271296
2017-05-19,2328.7,-1.0857551418775984,14.37749400618865
2017-05-22,2343.13,-2.424314684651108,9.139635515707258
2017-05-23,2307.84,-7.750763771701713,3.8470470240399433
2017-05-24,2324.99,-9.976121305021024,-0.6229910689254095
2017-05-25,2358.41,-8.631500742536446,-3.510313360203121
2017-05-26,2326.28,-10.687694392710455,-6.147300291509024
2017-05-29,2323.58,-11.958982163579094,-8.301880578919414
2017-05-30,2292.27,-16.269738499324376,-10.864381899836188
2017-05-31,2281.18,-20.9939498580502,-13.877559147974502
2017-06-01,2278.26,-23.73328599088609,-16.80112287137767
2017-06-02,2303.21,-21.506056531693503,-18.364620552436865
2017-06-05,2276.01,-21.95333630901132,-19.55004093582498
2017-06-06,2303.68,-19.382213011164367,-19.69898074120696
2017-06-07,2308.64,-16.829878948123223,-19.14809151404021
2017-06-08,2340.23,-10.335518348971618,-16.937800804148097
2017-06-09,2330.72,-6.616622350428315,-14.249082910064512
2017-06-12,2295.01,-8.116036489825092,-12.550341788038036
2017-06-13,2302.41,-7.748382934551955,-11.081033075162251
2017-06-14,2295.99,-7.506310752421541,-9.858025763973302
2017-06-16,2304.5,-5.8832105585775025,-8.547256045539912
2017-06-19,2334.27,-1.1161920885833752,-6.266599870156736
2017-06-20,2302.83,-0.7298070527531308,-4.50385077877719
2017-06-21,2319.13,1.1554423111188044,-2.724015114263172
2017-06-22,2308.16,1.5974400584277646,-1.4014717331022233
2017-06-23,2304.48,0.7191953697451936,-0.722424415585527
2017-06-26,2337.69,3.5175316799150096,0.5736680664591628
2017-06-27,2345.05,6.119099953013574,2.2414668323656604
2017-06-28,2327.68,6.383347203542598,3.5588277628072302
2017-06-29,2329.26,6.964332263496544,4.670944981770812
2017-06-30,2299.8,4.128812960357209,4.641859440523285
2017-07-03,2323.74,5.0593513604408145,4.863723486124455
2017-07-04,2294.27,2.0803160680166,4.186641959770907
2017-07-05,2307.49,0.7370171621923873,3.3067734634846118
2017-07-06,2300.74,-0.7903178927044792,2.251865027841601
2017-07-07,2295.82,-2.89366503838437,0.8353671679863028
2017-07-10,2300.66,-3.799005232109721,-0.5245140405982365
2017-07-11,2297.73,-4.47478473633555,-1.7324476816083232
2017-07-12,2341.54,-1.000487039417294,-1.7111036603770466
2017-07-13,2350.83,2.6822197765809506,-0.6421314336972871
2017-07-14,2350.43,5.654780551436943,0.944180807852908
2017-07-17,2372.17,10.442058472075587,3.4883519241192227
2017-07-18,2360.75,13.076724328631826,6.135879586019032
2017-07-19,2374.31,15.585717648147693,8.830691013354121
2017-07-20,2358.5,16.047075330916414,11.019189731405083
2017-07-21,2343.1,14.158150089673654,12.168370584846274
2017-07-24,2334.69,11.781802272233563,12.401656208560269
2017-07-25,2341.36,10.940060278999681,12.278590831232792
2017-07-26,2360.26,11.856369935190742,12.359225136230982
2017-07-27,2350.91,11.549130416742173,12.27632738423873
2017-07-28,2360.42,11.306548054750692,12.051427382226857
2017-07-31,2374.17,12.188477148255515,12.06766283253611
2017-08-01,2386.4,14.26681908206865,12.590684826734945
2017-08-02,2366.06,13.042649577073007,12.642701144017742
2017-08-03,2365.48,11.845511988534781,12.396468826683952
2017-08-04,2380.16,12.087293899713131,12.32537505256709
2017-08-07,2388.21,12.867179945117641,12.499937201160987
2017-08-08,2425.02,17.697295245277928,13.917818387839551
2017-08-09,2408.11,18.998751723775513,15.339241909303528
2017-08-10,2382.67,16.825712754498,15.822871159349742
2017-08-11,2371.72,13.255207495803916,15.202604553487163
2017-08-14,2376.66,10.915888929142056,14.062918464596173
2017-08-16,2381.18,9.255170550618459,12.78411453669781
2017-08-17,2353.18,4.406571647535657,10.538755397309385
2017-08-18,2359.87,1.5236266756874102,8.070583416100362
2017-08-21,2377.28,1.6262590063743119,6.231367637538168
2017-08-22,2387.24,2.7428310776131184,5.055732400254507
2017-08-23,2391.06,3.884434587940632,4.456162631244159
2017-08-24,2456.27,11.542698474901044,6.120577730088494
2017-08-25,2471.74,18.22947485873783,9.24875485054712
2017-08-28,2531.31,29.5430535122091,14.700368128861708
2017-08-29,2497.58,34.087909584386125,20.0512343416233
2017-08-30,2524.57,39.95245189145999,25.747942955784048
2017-08-31,2516.26,42.71924286271178,30.826833643505793
2017-09-01,2527.62,45.41020319097515,35.36127190082807
2017-09-04,2519.42,46.18058961839188,38.94767135731425
2017-09-05,2517.45,45.77357898789751,41.50428914248713
2017-09-06,2512.4,44.009280780670906,42.78944687621558
2017-09-07,2491.79,39.66700661427876,42.44391187181781
2017-09-08,2483.58,34.59621648005805,40.58454204977912
2017-09-11,2513.44,32.27838712329685,38.47127902992083
2017-09-12,2505.88,28.91441510177583,35.85804590891033
2017-09-13,2500.16,24.16054837310321,32.557022513737195
2017-09-14,2507.43,21.758287486764402,29.377322737091845
2017-09-15,2498.32,17.835596362337128,25.91662903706552
2017-09-18,2501.75,14.678096744512004,22.475912638158714
2017-09-19,2502.81,11.64181150702143,19.11048903181592
2017-09-20,2499.63,8.755350295159587,15.89435177205285
2017-09-21,2468.72,2.8943823560903184,12.00097017086158
2017-09-22,2480.73,-0.6779890603911554,8.162380164023057
2017-09-25,2453.15,-6.221657801074343,3.853283492803477
2017-09-26,2443.34,-11.281170578206456,-0.6496202964964177
2017-09-27,2433.82,-16.583557382112758,-5.411252942849576
2017-09-28,2427.04,-21.102396762786157,-10.124286111490559
2017-09-29,2453.46,-20.70908649697867,-13.488669676278395
2017-10-02,2469.58,-18.37998692074416,-15.32079188239002
2017-10-03,2469.51,-15.638011321920658,-15.895160419223808
2017-10-04,2444.19,-16.453778142207284,-16.427486086877874
2017-10-05,2463.45,-14.442812839965882,-16.21067510112536
2017-10-06,2479.46,-10.937004944878026,-14.987955610235698
2017-10-09,2499.35,-5.248477945594914,-12.430652597447905
2017-10-10,2516.49,0.7824493182001788,-8.774933725699244
2017-10-11,2551.78,9.706109235356962,-3.529413847304264
2017-10-12,2537.69,14.941229819295586,1.8117708278607032
2017-10-13,2528.16,17.667680495853347,6.507336250518421
2017-10-16,2534.52,20.263549038814745,10.675012208139925
2017-10-17,2514.36,19.608491957834303,13.640266512924786
2017-10-18,2502.34,17.232353984384645,15.181136414704163
2017-10-19,2467.49,11.37426583840579,14.682226379716573
2017-10-20,2465.51,7.17142713139674,13.056588746327648
2017-10-23,2473.42,4.43836221542233,10.976228926239251
2017-10-24,2448.45,-0.6079982558667325,7.870847148808702
2017-10-25,2449.89,-4.531169628935913,4.37515028592325
2017-10-26,2456.17,-7.0436549818582534,1.0189320072729018
2017-10-27,2488.5,-6.252584594055406,-1.3370925131349638
2017-10-30,2517.03,-2.1939380673879896,-1.9937845791952715
2017-10-31,2524.9,1.5428516386100455,-1.4280442340125272
2017-11-02,2501.4,1.4055566706815625,-0.9219591250623069
2017-11-03,2494.52,0.6359971863657847,-0.665106705892706
2017-11-06,2515.34,2.3299204104241653,0.040859211926578286
2017-11-07,2536.37,6.625523736194737,1.8338297913066932
2017-11-08,2513.34,7.387134345462982,3.4640381058741707
2017-11-09,2478.21,3.8511746728850085,3.781932995432004
2017-11-10,2457.62,-0.9424873521143127,2.708596419783445
2017-11-13,2454.6,-4.706547012728606,0.803817121606167
2017-11-14,2464.35,-6.328172615652875,-1.138922879963386
2017-11-15,2418.96,-12.760819098265074,-4.331903764771481
2017-11-16,2411.11,-18.561283868760256,-8.278857926885458
2017-11-17,2443.83,-18.806934670540613,-11.339849935808548
2017-11-20,2468.09,-15.699579025299954,-12.882870537494671
2017-11-21,2489.08,-10.726530775888932,-12.711402729934772
2017-11-22,2489.5,-7.024177506504202,-11.51031187619821
2017-11-23,2503.93,-3.0946567714122466,-9.450076413916166
2017-11-24,2479.25,-2.530536135271632,-7.676029167553433
2017-11-27,2497.15,0.15606886419163857,-5.586406871676239
2017-11-28,2485.71,1.245078235469009,-3.5942856771506944
2017-11-29,2436.24,-3.2299095745852355,-3.192041156963561
2017-11-30,2408.69,-9.956991709937938,-4.7036690566373
2017-12-01,2389.92,-16.104777765766812,-7.562169749050575
2017-12-04,2404.15,-18.66350479028233,-10.498584528084521
2017-12-05,2407.72,-20.09368146847828,-13.162604561974865
2017-12-06,2394.67,-22.347877709573822,-15.849667285841617
2017-12-07,2393.34,-24.03691929240631,-18.332952688901866
2017-12-08,2408.83,-23.404029534432993,-20.078874486453273
2017-12-11,2386.93,-25.257076666072862,-21.91128670285076
2017-12-12,2413.68,-22.663590168021983,-22.493769437795237
2017-12-13,2409.46,-20.85143450867872,-22.30428860207227
2017-12-14,2434.61,-16.351084598232774,-20.820986402345813
2017-12-15,2416.95,-14.057996478680252,-19.03677005417112
2017-12-18,2466.08,-6.379649398417769,-15.59416338284087
2017-12-19,2455.99,-1.2387070157546987,-11.576888323154444
2017-12-20,2459.33,2.951983987532003,-7.396930007610528
2017-12-21,2463.59,6.085278155268043,-3.4278919802204686
2017-12-22,2445.65,6.541521889632804,-0.29018542981602297
2017-12-27,2480.63,10.989314955284954,3.2126759318194753
2017-12-28,2480.25,14.16448793228119,6.661277656271411
2017-12-29,2461.21,14.954923212856102,9.37004499106004
2018-01-03,2463.25,15.238277375996859,11.431671449094296
2018-01-04,2533.17,23.22918048779502,14.981960400392385
2018-01-05,2529.55,27.925730148155253,18.80979557131634
2018-01-08,2548.61,33.68568510974046,23.15250892786057
2018-01-09,2528.38,34.40803871965272,26.541202269301564
2018-01-10,2511.27,32.257924314215416,28.49229759252356
2018-01-11,2534.56,32.313359324692556,29.880334858276075
2018-01-12,2539.29,32.00390570407535,30.773278848078103
2018-01-15,2542.65,31.97107872342758,31.41807197407743
2018-01-16,2591.1,36.071997502203885,33.00437405020431
2018-01-17,2600.37,39.33514029481921,34.913936331681775
2018-01-18,2591.22,40.33248316975096,36.520368298708604
2018-01-19,2601.82,41.59542308240816,37.949660257442794
2018-01-22,2620.87,42.379437969045284,39.21888436478237
2018-01-23,2630.37,43.4211413976991,40.496006298116214
2018-01-24,2621.59,41.96409279677346,41.058889718008395
2018-01-25,2589.3,37.05241798043471,40.15973142365561
2018-01-26,2600.48,33.96214804482952,38.65074436371566
2018-01-29,2593.4,30.23949596354896,36.42956154860502
2018-01-30,2566.14,23.669600371918023,32.921638862932724
2018-01-31,2553.81,16.836036687253454,28.42337754953348
2018-02-01,2534.21,8.313278925472332,22.72039122809472
2018-02-02,2507.24,-1.7417946779141857,15.709403606222615
2018-02-05,2505.98,-9.146747760248218,8.42849958582164
2018-02-06,2412.03,-25.236368841856347,-1.3515520000791672
2018-02-07,2441.67,-34.42003031917375,-11.069206098683877
2018-02-08,2406.48,-45.0549150236875,-21.1692859301237
2018-02-09,2382.79,-54.33271951718143,-31.176538837043594
2018-02-12,2414.41,-56.58261351887995,-39.156777514032164
2018-02-13,2431.67,-55.60303243174394,-44.738493347787426
2018-02-14,2449.79,-52.17829835309749,-47.82612215919068
2018-02-15,2423.57,-51.45714467973221,-49.74285163881709
2018-02-16,2406.96,-51.56186557051751,-51.05842063831963
2018-02-19,2408.49,-50.293366374017296,-51.37568925105376
2018-02-20,2413.23,-47.50352418900911,-50.67317770974564
2018-02-21,2405.47,-44.93059183707146,-49.23500810045114
2018-02-22,2410.69,-39.77964483989217,-46.57581239434637
2018-02-23,2406.11,-36.09808506313993,-43.540646718169604
2018-02-26,2408.63,-31.486975930356493,-40.03779325616875
2018-02-27,2421.51,-25.1592162591528,-35.7697962895137
2018-02-28,2364.32,-26.330339331026153,-32.89998312029222
2018-03-01,2334.96,-30.015866800690674,-31.741677639458796
2018-03-02,2314.23,-34.88262751064667,-32.214153907467214
2018-03-05,2330.1,-35.392498685347164,-32.76294663928901
2018-03-06,2339.51,-33.632321444000354,-32.750991756213274
2018-03-07,2359.57,-29.55153945152142,-31.74354911223425
2018-03-08,2322.09,-30.047471944856625,-31.19673252720953
2018-03-09,2354.54,-26.190361647965346,-29.83764493304724
2018-03-12,2378.72,-20.367485702552585,-27.372856874626997
2018-03-13,2353.02,-18.236518549779248,-24.924508066964947
2018-03-14,2335.97,-19.0388300887671,-23.230309431026978
2018-03-15,2321.87,-20.79605240053661,-22.335857898860958
2018-03-16,2285.08,-25.09702539632781,-22.81720297276516
2018-03-19,2248.53,-31.573089792452265,-24.964382537304125
2018-03-20,2272.09,-32.582093719464865,-26.930315481771288
2018-03-21,2320.77,-27.4391565831761,-27.00458995377271
2018-03-22,2274.1,-28.064342851319452,-27.30756065763612
2018-03-23,2257.22,-30.370060083789667,-28.27618792646544
2018-03-26,2240.65,-32.810078888937824,-29.705431314894586
2018-03-27,2246.32,-33.92110318033656,-31.061385259475657
2018-03-28,2203.7,-39.16596342880166,-33.46034744956221
2018-03-29,2210.38,-41.28913016915476,-35.746162163288
2018-04-03,2239.15,-38.61553570101523,-36.60643210376206
2018-04-04,2200.99,-39.82917466628578,-37.55919737191687
2018-04-05,2243.58,-34.60225272290381,-36.96533636414027
2018-04-06,2258.8,-27.457715708775595,-34.57611969242083
2018-04-09,2262.16,-22.006818765757544,-31.26406234006052
2018-04-10,2274.81,-17.20000679903569,-27.4312417838907
2018-04-11,2271.93,-12.975065763907878,-23.392097603539405
2018-04-12,2306.44,-5.284660891418753,-18.177616830857623
2018-04-13,2310.32,1.5161472132494964,-12.385442008292221
2018-04-16,2300.2,5.765945845028455,-6.946872143886437
2018-04-17,2307.95,10.29734338778735,-1.6184997490647135
2018-04-18,2315.5,14.776726635597697,3.4824540488296063
2018-04-19,2324.73,18.90108891374439,8.277965470632662
2018-04-20,2298.2,19.471691527257008,11.918204036332506
2018-04-23,2291.59,18.195282246680108,14.205821564765857
2018-04-24,2269.06,14.236715871826163,14.765808699315643
2018-04-25,2257.0,9.403133203085417,13.723228849020801
2018-04-26,2283.15,7.930559376734891,12.405242081761294
2018-04-27,2276.41,6.211213385781775,10.865771619860984
2018-04-30,2291.87,6.39994056528667,9.670216001556984
2018-05-02,2291.92,5.935602821987686,8.557131952828698
2018-05-04,2233.35,-0.963929975271185,5.773705584318381
2018-05-07,2214.36,-8.583974925741131,1.614895242713028
2018-05-08,2236.4,-11.944741481921483,-2.3867062178741105
2018-05-09,2281.12,-10.107184090056762,-4.810885537761658
2018-05-10,2302.71,-5.875864673229444,-5.387217835908742
2018-05-11,2329.36,0.5609903741992639,-4.04973130801963
2018-05-14,2321.09,4.388251341006253,-1.977232690573785
2018-05-15,2276.45,2.825088529612458,-0.849204066641069
2018-05-16,2275.91,1.2015917439521218,-0.4325819470184682
2018-05-17,2255.78,-2.1280684806374666,-0.8800797906190064
2018-05-18,2230.32,-7.555260869925405,-2.5279972916904034
2018-05-21,2268.39,-7.398921202029669,-3.6534707716064085
2018-05-22,2248.71,-7.945256532894291,-4.6825408564447875
2018-05-23,2209.32,-12.040529413394324,-6.647149968412492
2018-05-24,2213.26,-14.83506025892666,-9.006590642954144
2018-05-25,2213.24,-17.318853188145113,-11.525202324231582
2018-05-28,2217.87,-18.659559577015443,-13.744822925637562
2018-05-29,2191.95,-22.556930846466003,-16.43002951426335
2018-05-30,2157.07,-29.05417542348505,-20.132531776742542
2018-06-01,2190.26,-29.125568666927848,-22.818560752329972
2018-06-04,2210.1,-26.740638784564,-24.191620738214837
2018-06-05,2255.95,-19.284205595686217,-23.19489111111017
2018-06-06,2256.67,-12.58196562084504,-20.55264819531761
2018-06-07,2270.75,-6.479263371169964,-16.864720953421614
2018-06-08,2250.06,-3.5284575102846247,-13.250778784563773
2018-06-11,2234.52,-2.16776687376705,-10.14532460153875
2018-06-12,2252.39,0.31199387113065313,-7.0668697784761205
2018-06-13,2238.94,0.5263572661651779,-4.568225617764543
2018-06-14,2238.39,0.755182607379993,-2.6309432207924828
2018-06-15,2203.01,-2.00230438392191,-1.9717186062830212
2018-06-18,2150.98,-8.731156602234933,-3.4474038016323707
2018-06-19,2120.75,-17.02312759504821,-6.931468205612433
2018-06-20,2154.18,-19.507939731833176,-10.340003289116524
2018-06-21,2150.91,-22.505059982258445,-13.766397923028519
2018-06-22,2162.88,-23.057160457732152,-16.513039144544518
2018-06-25,2155.9,-24.28512738651807,-18.955260187260095
2018-06-26,2153.4,-24.99851472090313,-20.984101519271317
2018-06-27,2143.25,-25.604522143443774,-22.674177318645178
2018-06-28,2098.75,-30.980153355232687,-25.3387772513244
2018-06-29,2135.47,-30.660939704765497,-27.11438317498933
2018-07-02,2119.31,-31.703031595685843,-28.55947417434083
2018-07-03,2160.24,-26.9048173809947,-28.295929730076544
2018-07-04,2182.51,-19.442568029978247,-26.020435980293833
2018-07-05,2156.59,-15.992559562497263,-23.37009068398197
2018-07-06,2152.06,-14.502470823390922,-20.95464654229444
2018-07-09,2151.7,-12.801097122761803,-18.66871239577859
2018-07-10,2177.67,-8.42804972828435,-15.75994993751633
2018-07-11,2154.28,-6.892459797176798,-13.05421726378728
2018-07-12,2161.2,-4.6377225442015515,-10.421951961762568
2018-07-13,2157.14,-2.7988252691343405,-7.929558943764986
2018-07-16,2133.98,-3.08933469775684,-6.236167267819626
2018-07-17,2153.21,-1.7101386006343091,-4.744780152848357
2018-07-18,2149.12,-0.4412318560930544,-3.3532786259793537
2018-07-19,2146.82,-0.36942682056087506,-2.320485313135975
2018-07-20,2182.92,3.3893011047443906,-0.5644543092036975
2018-07-23,2204.53,8.73997355127085,2.110077971956988
2018-07-24,2244.27,16.600258108602702,6.209408104071755
2018-07-25,2260.7,23.72526066054661,11.163998455834008
2018-07-26,2304.67,33.3287826397127,17.438404901073906
2018-07-27,2290.77,38.83793087562117,23.639200942082052
2018-07-30,2327.77,46.40280535983493,30.306555038933393
2018-07-31,2302.13,48.5461095623682,35.86064257305858
2018-08-01,2315.48,51.238961049016325,40.75261527633466
2018-08-02,2283.94,48.574026088979736,43.6249927194177
2018-08-03,2286.92,45.72497198795645,44.90059869074758
2018-08-06,2295.82,44.15501600220114,45.27342728521436
2018-08-07,2304.11,42.335338389475965,44.9165968961919
2018-08-08,2307.12,40.54084578868287,43.969028060052715
2018-08-09,2324.73,39.91522664324111,42.97744144124855
2018-08-10,2247.15,29.656783259765234,39.30741610074401
2018-08-13,2260.88,21.979445541187943,34.43625257571378
2018-08-14,2272.73,17.156647658676775,29.424650233221836
2018-08-16,2262.1,11.4630281360337,24.181076392465826
2018-08-17,2217.74,2.1209285963018374,17.781094662534354
2018-08-20,2236.08,-3.343586031808627,11.535939576080754
2018-08-21,2281.02,-2.2188018140864187,7.193027217157008
2018-08-22,2295.63,-0.27058365210450575,4.498855865212743
2018-08-23,2322.86,3.9279755162947367,3.6257739219201164
2018-08-24,2312.7,5.447828440745525,3.589966413688032
2018-08-27,2369.97,12.408591883122426,5.6003821479636775
2018-08-28,2390.42,19.433712257921343,9.10492773910759
2018-08-29,2380.68,24.69566740930759,13.271169289287013
2018-08-30,2353.92,25.392982591026794,16.773929334955493
2018-08-31,2337.96,23.686023334390484,19.050519203379594
2018-09-03,2355.67,24.58943228102453,20.97932102657274
2018-09-04,2321.24,21.83567335306134,21.64205595926855
2018-09-05,2295.51,16.773051863142882,20.685495971872935
2018-09-06,2293.01,11.517728977235038,18.516742954864863
2018-09-07,2257.3,3.395151689047907,14.553417220786791
2018-09-10,2270.83,-2.0486773493853434,9.966908126314769
2018-09-11,2248.35,-8.414037332946464,4.699709756845324
2018-09-12,2210.16,-18.221204426201894,-1.9156694348555308
2018-09-13,2233.46,-23.138719794525514,-8.171740960031123
2018-09-14,2232.07,-26.54262476666281,-13.802187854077339
2018-09-17,2210.99,-30.43579593389768,-19.02144020663768
2018-09-18,2231.04,-31.235604405385857,-23.04931772830728
2018-09-19,2259.1,-28.611825862970818,-25.254374740319964
2018-09-20,2258.63,-25.66614267086834,-25.947116172029517
2018-09-21,2257.47,-22.913302498847315,-25.612110665786687
2018-09-24,2280.6,-18.43557632580996,-24.021364380189663
2018-09-25,2290.19,-13.051527089148294,-21.17398637048046
2018-09-26,2304.45,-7.081187911379857,-17.324898880896622
2018-09-27,2315.07,-0.7621366802641205,-12.66099289917983
2018-09-28,2285.11,1.7535147518051417,-8.404083394360338
2018-10-01,2284.01,3.156003691040496,-4.816083368608432
2018-10-02,2280.04,4.474772826667504,-1.8218762528548158
2018-10-03,2298.2,8.218579990678336,1.3759288141564914
2018-10-04,2275.65,8.286302283547684,3.736718675921825
2018-10-05,2264.2,6.443845168338157,4.918428569210925
2018-10-08,2224.13,0.5965230313777283,4.114939587388838
2018-10-09,2251.32,-0.46911837320431005,3.103117157736784
2018-10-10,2197.34,-7.75769817399032,0.2459382887363076
2018-10-11,2159.88,-17.55692466934761,-4.596683137809131
2018-10-12,2186.62,-21.965463480122708,-9.4487188145857
2018-10-15,2170.05,-27.3077781888569,-14.558511056001576
2018-10-16,2216.8,-25.18062345483986,-17.891876541330006
2018-10-17,2199.53,-25.312900366226586,-20.42902887032699
2018-10-18,2188.1,-26.648550999131203,-22.655520129371023
2018-10-19,2196.99,-26.469679139813707,-24.158368902128807
2018-10-22,2193.08,-26.06398458364629,-25.15422105502818
2018-10-23,2147.81,-30.39236176983877,-26.92312710529067
2018-10-24,2144.4,-32.70264014025315,-28.675387909692073
2018-10-25,2142.69,-34.30387625131789,-30.332918286097314
2018-10-26,2082.77,-40.54098102224998,-33.15350204022683
2018-10-29,2103.72,-41.52567047468983,-35.5782671480999
2018-10-30,2122.73,-39.61554999784494,-36.877860371062745
2018-10-31,2151.88,-33.808871676205854,-36.255932023764785
2018-11-02,2197.68,-24.39227893700263,-33.247857880643444
2018-11-05,2233.74,-12.408718349358878,-27.76093914403811
2018-11-06,2230.34,-3.4821502414511087,-21.14509873091662
2018-11-07,2276.65,8.349445802034097,-12.93830983537692
2018-11-08,2262.84,15.77997147898759,-4.742286989808213
2018-11-09,2232.25,18.929466859443437,2.3826051946036872
2018-11-13,2217.97,19.535351040043224,7.910026096218388
2018-11-14,2231.9,21.358695354323117,12.50966672734675
2018-11-15,2202.91,20.099414697564498,15.501173282320421
2018-11-16,2165.46,14.876833969200561,16.142055749123788
2018-11-19,2189.73,12.736349522324872,15.800948760229142
2018-11-20,2160.57,6.947347941151293,13.799215393351302
2018-11-21,2219.62,8.416608631490817,12.454926773619405
2018-11-22,2236.35,10.38136510456252,11.826971550811399
2018-11-23,2225.39,10.93307225066701,11.441209765104773
2018-11-26,2213.57,8.861070454963738,10.579540236776275
2018-11-27,2222.85,8.201387870537019,9.717974372499032
2018-11-28,2264.51,12.66480498820556,10.303796499568444
2018-11-29,2303.37,20.229892113640744,12.893960806550393
2018-11-30,2291.08,23.482010398240163,15.759056569447656
2018-12-03,2329.37,30.08160844286931,19.809204736819932
2018-12-04,2344.91,36.80277530746844,24.633695101057146
2018-12-05,2354.54,41.203198497060384,29.401600567877452
2018-12-06,2294.34,37.79373647974717,32.044772170061755
2018-12-07,2281.54,32.24545594898882,32.56952960466086
2018-12-10,2242.1,23.073999973197715,30.49748710508617
2018-12-11,2221.37,14.074783652942642,26.42042678234132
2018-12-12,2275.15,13.517921558749094,23.0585809231626
2018-12-13,2310.66,16.597903000212682,21.303698369069636
2018-12-14,2303.41,17.58623223614768,20.120737969323603
2018-12-17,2281.87,14.880780992872587,18.365841488485984
2018-12-18,2315.18,16.11217360540013,17.293201753081707
2018-12-19,2342.81,18.871935236858462,17.303866855248874
2018-12-20,2306.68,16.369203174222093,16.747992122682437
2018-12-21,2259.77,8.444049729417202,14.375091442509321
2018-12-27,2251.38,1.8895086083912247,11.006395375672785
2018-12-28,2276.63,-0.050095768407572905,7.966909453879906
2019-01-02,2301.62,1.4634763235653736,6.033897731906433
2019-01-03,2247.22,-2.569656797138123,3.4739449987773563
2019-01-04,2284.95,-2.246843697825625,1.696142398612723
2019-01-07,2331.45,2.2898449979170437,1.5640436610310455
2019-01-08,2325.19,4.824971761346205,2.0941923303448795
2019-01-09,2341.84,8.790371512684487,3.6144246121708212
2019-01-10,2335.31,10.626912819381687,5.411847906441163
2019-01-11,2335.1,11.632533845087892,7.164754249218068
2019-01-14,2327.66,11.857763648074524,8.579676802485142
2019-01-15,2344.56,14.90537164080888,10.433903999564379
2019-01-16,2364.17,19.53402777167321,13.157529586026936
2019-01-17,2358.97,21.93638962377554,15.843043715187545
2019-01-18,2377.87,24.533056123983897,18.4669731546062
2019-01-21,2358.3,24.787133362815894,20.45214560609784
2019-01-22,2359.23,23.649143404572442,21.552954076701344
2019-01-23,2407.09,26.52382922465131,23.118301044720962
2019-01-24,2406.38,28.652366596709726,24.847235219547965
2019-01-25,2398.74,28.939349056288847,26.216934736748577
2019-01-28,2370.62,25.615147203140623,26.283842925289477
2019-01-29,2373.3,22.739334736259025,25.462767635823777
2019-01-30,2357.79,18.907301218970133,23.762425632399996
2019-01-31,2380.11,18.135990987907917,22.225988428672824
2019-02-01,2393.43,18.004667869942296,21.03300803977874
2019-02-04,2390.46,16.80653653092031,19.837519343036355
2019-02-05,2409.32,17.09783157488937,18.961296622997928
2019-02-06,2414.41,17.986843561299793,18.501226391395353
2019-02-07,2371.33,13.742118261033738,17.00302130878556
2019-02-08,2354.11,6.92578464057533,14.104411219812599
2019-02-11,2354.28,1.838471574506002,10.613742945375197
2019-02-12,2370.99,0.22424052137057515,7.637194313907212
2019-02-13,2346.39,-3.3601968263901654,4.451581042065068
2019-02-14,2319.92,-8.857682160398781,0.5790934038678004
2019-02-15,2338.2,-10.69018982285661,-2.796273918357442
2019-02-18,2325.67,-13.722731440264852,-6.153392134324621
2019-02-19,2322.41,-16.539629171324123,-9.450666727995532
2019-02-20,2369.7,-13.107146003776961,-10.909692808694603
2019-02-21,2339.85,-13.813748187601504,-12.056615814747282
2019-02-22,2355.77,-12.601545290316153,-12.485908564432998
2019-02-25,2371.69,-8.871560705330921,-11.766921035798928
